{
    "870757778": {
        "cash": 1077,
        "bank": 0,
        "last": 1772928136.7318141
    },
    "814386324": {
        "cash": 590,
        "bank": 100,
        "last": 1772880227.3174322
    }
}