{
    "870757778": {
        "balance": 32,
        "bank": 183,
        "last_prise": 1772790533.013909
    },
    "1087903265": {
        "balance": 766,
        "bank": 0,
        "last_prise": 1772790550.871238
    }
}