{
    "870757778": {
        "cash": 591,
        "bank": 1000,
        "last": 1772905506.8036306
    },
    "814386324": {
        "cash": 590,
        "bank": 100,
        "last": 1772880227.3174322
    }
}