{
    "870757778": {
        "cash": 0,
        "bank": 0,
        "last": 1773918625.2864044
    },
    "778382713": {
        "cash": 32,
        "bank": 0,
        "last": 1773921346.031447
    }
}