{
    "870757778": {
        "cash": 30,
        "bank": 1000,
        "last": 1772879950.9760005
    },
    "814386324": {
        "cash": 690,
        "bank": 0,
        "last": 1772880227.3174322
    }
}