{
    "870757778": {
        "cash": 1291,
        "bank": 0,
        "last": 1772905506.8036306
    },
    "814386324": {
        "cash": 590,
        "bank": 100,
        "last": 1772880227.3174322
    }
}