{
    "gstaff": {
        "spec": 870757778,
        "main_zam": null,
        "zams": []
    },
    "testers": {
        "778382713": {
            "role": "Главный Тестировщик",
            "bugs": 0,
            "joined": 1773091964.0992112
        },
        "770181550": {
            "role": "Тестировщик",
            "bugs": 0,
            "joined": 1773092346.1392276
        }
    },
    "texstaff": {}
}